id,model,outcome,cot,intervention_n,intervention_event,control_n,control_event,time,human_time,input_tokens,output_tokens,total_tokens
#1-10,gpt,,"The article reports several outcomes including tumor response (CR/PR/SD/PD), clinical benefit response, pain relief, KPS improvement, survival, toxicity, and body weight increase. The only weight-related indicator is “体质量增加 ≥7%” reported as 7/24 in the treatment group and 5/22 in the evaluable control group. However, the requested outcome is weight improvement rate defined as improved plus stable weight after treatment. The article does not provide counts for stable weight or an improved+stable combined weight category, so the reported weight increase alone does not strictly match the requested definition. Therefore, no extractable matched outcome is available.",,,,,6.44,0,3640,406,4046
#1-10,deepseek,,"The article reports weight gain ≥7% for each group (7/24 treatment, 5/22 control), which could be considered an 'improved' weight outcome, but does not provide data on patients with stable weight to compute 'improved plus stable weight improvement rate' as defined. The clinical benefit response (CBR) is a composite measure that includes weight and other components, not a pure weight improvement rate. No other outcome matches the specified definition. Therefore, the required outcome is not extractable.",,,,,8.35,0,3312,514,3826
#1-10,final_consensus,,"The article reports several outcomes including tumor response (CR/PR/SD/PD), clinical benefit response, pain relief, KPS improvement, survival, toxicity, and body weight increase. The only weight-related indicator is “体质量增加 ≥7%” reported as 7/24 in the treatment group and 5/22 in the evaluable control group. However, the requested outcome is weight improvement rate defined as improved plus stable weight after treatment. The article does not provide counts for stable weight or an improved+stable combined weight category, so the reported weight increase alone does not strictly match the requested definition. Therefore, no extractable matched outcome is available.",,,,,14.79,0,6952,920,7872
#1-11,gpt,,"The article reports clinical benefit rate (CBR), response outcomes (CR/PR/SD/PD, RR, DCR), survival, and adverse drug reactions. Although clinical benefit includes a criterion related to body weight increase ≥7% when pain and ECOG are stable, the article does not report a standalone weight improvement rate or counts of patients classified as improved plus stable weight after treatment. The reported CBR values (18/23 vs 11/22) are composite clinical benefit outcomes and do not strictly match the requested definition. Therefore, no matching weight improvement rate outcome can be extracted.",,,,,4.78,0,4043,259,4302
#1-11,deepseek,,"The article reports clinical benefit rate (CBR) as an outcome, which is a composite endpoint including pain, analgesic use, performance status, and weight gain (≥7% increase if pain and ECOG stable). However, it does not report a separate weight improvement rate defined as the total number of patients classified as improved and stable after treatment. No data on weight improvement or stable weight status alone are provided. Therefore, no outcome matches the requested definition.",,,,,5.42,0,3596,288,3884
#1-11,final_consensus,,"The article reports clinical benefit rate (CBR), response outcomes (CR/PR/SD/PD, RR, DCR), survival, and adverse drug reactions. Although clinical benefit includes a criterion related to body weight increase ≥7% when pain and ECOG are stable, the article does not report a standalone weight improvement rate or counts of patients classified as improved plus stable weight after treatment. The reported CBR values (18/23 vs 11/22) are composite clinical benefit outcomes and do not strictly match the requested definition. Therefore, no matching weight improvement rate outcome can be extracted.",,,,,10.2,0,7639,547,8186
#1-12,gpt,,"The article reports tumor response (CR/PR/NC/PD), KPS quality-of-life changes classified as improved/stable/decreased, and adverse reactions. The requested outcome is weight improvement rate, specifically patients with improved plus stable weight after treatment. No body weight or weight-improvement classification is reported; the improved + stable data in Table 3 refer to KPS score, not weight. Therefore, no outcome strictly matches the requested definition.",,,,,4.31,0,2668,183,2851
#1-12,deepseek,,"The article evaluates 康莱特注射液联合化疗 in pancreatic cancer and reports tumor response (CR, PR, NC, PD), KPS score changes (提高, 稳定, 降低), and adverse events. It does not report any weight improvement rate or weight-related outcome. Therefore, no data matches the requested outcome definition.",,,,,5.28,0,2445,355,2800
#1-12,final_consensus,,"The article reports tumor response (CR/PR/NC/PD), KPS quality-of-life changes classified as improved/stable/decreased, and adverse reactions. The requested outcome is weight improvement rate, specifically patients with improved plus stable weight after treatment. No body weight or weight-improvement classification is reported; the improved + stable data in Table 3 refer to KPS score, not weight. Therefore, no outcome strictly matches the requested definition.",,,,,9.59,0,5113,538,5651
#1-13,gpt,,"The article reports a weight-related quality-of-life indicator: body weight increase rate (体重增加率), with counts for increased vs not increased weight after treatment. The requested outcome is weight improvement rate defined specifically as improved plus stable after treatment, requiring patients classified as improved and stable to be combined. This study does not report a stable weight category, nor an improved+stable weight improvement rate; it only reports weight increase. Therefore the reported weight outcome does not strictly match the requested definition, so no extraction is appropriate.",,,,,5.82,0,3680,343,4023
#1-13,deepseek,,"The article reports weight increase rate as a quality-of-life indicator, with only 'increase' and 'no increase' categories. The requested outcome is weight improvement rate defined as improved plus stable patients. There is no stable weight category reported, only increase vs no increase. Thus, the data do not match the requested definition.",,,,,6.12,0,3398,346,3744
#1-13,final_consensus,,"The article reports a weight-related quality-of-life indicator: body weight increase rate (体重增加率), with counts for increased vs not increased weight after treatment. The requested outcome is weight improvement rate defined specifically as improved plus stable after treatment, requiring patients classified as improved and stable to be combined. This study does not report a stable weight category, nor an improved+stable weight improvement rate; it only reports weight increase. Therefore the reported weight outcome does not strictly match the requested definition, so no extraction is appropriate.",,,,,11.940000000000001,0,7078,689,7767
#1-14,gpt,,"The article reports short-term tumor efficacy (CR, PR, SD, PD), clinical benefit rate (CR+PR+SD), adverse reactions, and QLQ-C30 quality-of-life scores. The requested outcome is weight improvement rate, defined as patients classified as improved plus stable weight after treatment. No weight-related outcome or improved/stable weight classification is reported. Although clinical benefit includes CR+PR+SD, this is tumor response, not weight improvement, so it does not strictly match the requested definition. Therefore, no extractable data are available for this outcome.",,,,,4.7,0,2743,249,2992
#1-14,deepseek,,"The article reports outcomes for advanced pancreatic cancer, including response rates (CR+PR and clinical benefit CR+PR+SD). There is no mention of weight improvement rate, which is defined as the number of patients with improved plus stable weight after treatment. No weight-related outcomes are reported. Therefore, no match exists.",,,,,4.05,0,2378,247,2625
#1-14,final_consensus,,"The article reports short-term tumor efficacy (CR, PR, SD, PD), clinical benefit rate (CR+PR+SD), adverse reactions, and QLQ-C30 quality-of-life scores. The requested outcome is weight improvement rate, defined as patients classified as improved plus stable weight after treatment. No weight-related outcome or improved/stable weight classification is reported. Although clinical benefit includes CR+PR+SD, this is tumor response, not weight improvement, so it does not strictly match the requested definition. Therefore, no extractable data are available for this outcome.",,,,,8.75,0,5121,496,5617
#1-15,gpt,,"The article reports tumor response outcomes (CR, PR, SD, PD), disease control rate, progression-free survival, overall survival, and adverse events. The only “improved plus stable” type indicator is disease control rate, defined as CR+PR+SD, which refers to tumor response rather than weight improvement. No outcome related to body weight, weight improvement, or classification into improved/stable weight after treatment is reported. Therefore, the requested weight improvement rate does not strictly match any reported outcome, and event counts should not be extracted.",,,,,4.34,0,2897,262,3159
#1-15,deepseek,,"The article reports a randomized trial of S-1 (control) versus S-1 plus Kanglaite injection (intervention) for advanced pancreatic cancer. Outcomes include disease control rate (CR+PR+SD), progression-free survival, overall survival, and adverse events. There is no mention of weight improvement rate or any composite of 'improved plus stable weight improvement rate'. Thus, the requested outcome definition is not met.",,,,,5.9,0,2718,412,3130
#1-15,final_consensus,,"The article reports tumor response outcomes (CR, PR, SD, PD), disease control rate, progression-free survival, overall survival, and adverse events. The only “improved plus stable” type indicator is disease control rate, defined as CR+PR+SD, which refers to tumor response rather than weight improvement. No outcome related to body weight, weight improvement, or classification into improved/stable weight after treatment is reported. Therefore, the requested weight improvement rate does not strictly match any reported outcome, and event counts should not be extracted.",,,,,10.24,0,5615,674,6289
#1-16,gpt,weight improvement rate (improved plus stable body weight after treatment),"The article reports a weight-related quality-of-life outcome: “体质量改善” (body weight improvement). The methods define body weight efficacy as increased, stable, or decreased, and explicitly state that improvement includes increased plus stable weight, matching the requested definition. The matched outcome is reported in Table 3 under body weight improvement. The observation/intervention group had n=30 with 19 improved/stable. The control group had n=30 with 11 improved/stable.",30,19,30,11,4.68,0,2932,246,3178
#1-16,deepseek,weight improvement rate,"The article reports '体质量改善率' (weight improvement rate) in Table 3. The definition in the text states that improvement includes weight gain and stable, which matches the requested definition of improved plus stable. The observation (intervention) group had 19 improved out of 30, and the control group had 11 improved out of 30.",30,19,30,11,6.25,0,2690,389,3079
#1-16,final_consensus,weight improvement rate (improved plus stable body weight after treatment),"The article reports a weight-related quality-of-life outcome: “体质量改善” (body weight improvement). The methods define body weight efficacy as increased, stable, or decreased, and explicitly state that improvement includes increased plus stable weight, matching the requested definition. The matched outcome is reported in Table 3 under body weight improvement. The observation/intervention group had n=30 with 19 improved/stable. The control group had n=30 with 11 improved/stable.",30,19,30,11,10.93,0,5622,635,6257
#1-17,gpt,weight improvement rate (increased + stable weight after treatment),"The article reports a weight-related quality-of-life outcome: 体质量改善率 (weight improvement rate). The methods define weight outcome categories as increased, stable, or decreased, with increased plus stable counted as improved, which strictly matches the requested definition. Table 3 reports 体质量改善 with events labeled 好转 (improved) and 恶化 (worsened). The intervention/test group had n=22 and 13 patients with weight improvement. The control group had n=21 and 6 patients with weight improvement.",22,13,21,6,5.96,0,2716,320,3036
#1-17,deepseek,weight improvement rate,"The article defines weight improvement (体质量改善) as increase plus stable (增加和稳定为改善). In Table 3, the '好转' column under '体质量改善' represents the number of patients with improved weight. For the experimental group, n=22, improvement count = 13. For the control group, n=21, improvement count = 6. This matches the requested definition of improved plus stable weight improvement rate.",22,13,21,6,8.21,0,2464,563,3027
#1-17,final_consensus,weight improvement rate (increased + stable weight after treatment),"The article reports a weight-related quality-of-life outcome: 体质量改善率 (weight improvement rate). The methods define weight outcome categories as increased, stable, or decreased, with increased plus stable counted as improved, which strictly matches the requested definition. Table 3 reports 体质量改善 with events labeled 好转 (improved) and 恶化 (worsened). The intervention/test group had n=22 and 13 patients with weight improvement. The control group had n=21 and 6 patients with weight improvement.",22,13,21,6,14.170000000000002,0,5180,883,6063
#1-18,gpt,,"The article reports a weight-related outcome as “体重增加/Weight gain” after treatment: 12/15 in the observation group and 7/15 in the control group. The requested outcome is weight improvement rate defined specifically as the total number classified as improved plus stable after treatment. The article does not report a combined improved + stable weight category, nor does it provide stable-weight counts. Therefore the reported weight gain outcome does not strictly match the requested definition and should not be extracted.",,,,,4.23,0,3475,261,3736
#1-18,deepseek,,"The article reports an outcome of 'weight gain' for the observation group (12/15, 80%) and control group (7/15, 46.6%). The required outcome is 'weight improvement rate', defined as the number of patients with improved plus stable weight, combining improved and stable categories. The study only reports weight gain as a single category of improvement, not the combination of improved and stable, and does not provide data on stable weight or other weight change categories. Therefore, no data match the requested definition.",,,,,10.2,0,3250,814,4064
#1-18,final_consensus,,"The article reports a weight-related outcome as “体重增加/Weight gain” after treatment: 12/15 in the observation group and 7/15 in the control group. The requested outcome is weight improvement rate defined specifically as the total number classified as improved plus stable after treatment. The article does not report a combined improved + stable weight category, nor does it provide stable-weight counts. Therefore the reported weight gain outcome does not strictly match the requested definition and should not be extracted.",,,,,14.43,0,6725,1075,7800
#1-9,gpt,,"The article reports clinical benefit response and tumor clinical benefit, and it mentions weight gain ≥7% at the 6th cycle (GEM 2 cases, GEM+KLT 9 cases). However, the requested outcome is weight improvement rate defined as improved plus stable weight after treatment. The article does not classify weight as improved and stable, nor does it provide a combined improved+stable weight count. Tumor CR+PR+SD is not a weight outcome, and clinical benefit response is a composite measure, so neither strictly matches the requested definition. Therefore, no extractable matched outcome is available.",,,,,6.85,0,3446,416,3862
#1-9,deepseek,,"The article reports clinical benefit response rates, which include weight increase ≥7% as one component, but does not report a separate 'weight improvement rate' defined as improved plus stable weight after treatment. Only the number of patients with weight increase ≥7% is provided (2 in control, 9 in intervention at cycle 6), but this does not include stable weight patients. Therefore, the requested outcome is not available.",,,,,11.52,0,3179,881,4060
#1-9,final_consensus,,"The article reports clinical benefit response and tumor clinical benefit, and it mentions weight gain ≥7% at the 6th cycle (GEM 2 cases, GEM+KLT 9 cases). However, the requested outcome is weight improvement rate defined as improved plus stable weight after treatment. The article does not classify weight as improved and stable, nor does it provide a combined improved+stable weight count. Tumor CR+PR+SD is not a weight outcome, and clinical benefit response is a composite measure, so neither strictly matches the requested definition. Therefore, no extractable matched outcome is available.",,,,,18.369999999999997,0,6625,1297,7922
